Title,Place,W9t,Description,Rooms,Area,Price,Images
Beautiful house for sale in Sahloul. 10 c...,Sahloul in Sousse Jaouhara,Published today,"don't miss out on this house for sale. price 950,000 tnd. 8 rooms, 5 bathrooms, area 350 m². 10 rooms. less than 10 years. covering: marble. secured door, general satellite dish, secured							...							Read more",8 bedrooms,350 m²,"950,000 TND",https://www.mubawab-media.com/ad/7/912/770F/m/jardin_75020776.jpg
Beautiful house for sale in Raoued. Total...,Gammarth in La Marsa,Published today,"find out about this house for sale. price 829,000 tnd. 6 living areas, 5 rooms, 3 bathrooms, area 323 m². less than 1 year. equipped with a satellite dish and a reinforced door. the residence is							...							Read more",3 bedrooms,350 m²,"828,000 TND",https://www.mubawab-media.com/ad/6/502/441F/m/no-name-x-232071-1.jpg
House to buy in Hammamet. Area of 1500 m²...,Hammamet,Published 1 day ago,"don't miss out on this house for sale. price 480,000 tnd. 4 living areas, 3 bathrooms, area 1500 m². 3 bedrooms. new. enjoy a beautiful garden and a terrace. also has a garage.this beautiful house is							...							Read more",3 bedrooms,1500 m²,"480,000 TND",https://www.mubawab-media.com/ad/7/971/933F/m/0%20%283%29_78582202.gif
House to buy in Ben Arous. Area 376 m². G...,Ben Arous,Published 1 day ago,"get a great deal with this house for sale. price 430,000 tnd. 4 living areas, 1 bathroom, area 376 m². 3 bedrooms. due for reform. private garden.come and check out this house for sale in ben arous,							...							Read more",3 bedrooms,376 m²,"430,000 TND",https://www.mubawab-media.com/ad/7/885/767F/m/IMG_4031_71017865.jpg
House for sale in La Manouba. 7 large roo...,La Manouba,Published 1 day ago,"amazing deal on this house for sale. price 440,000 tnd. 7 living areas, 3 bathrooms, area 153 m². 5 rooms. good condition. parking spaces for your car. the exterior consists of a beautiful terrace.come							...							Read more",5 bedrooms,153 m²,"440,000 TND",https://www.mubawab-media.com/ad/7/966/230F/m/5_78524419.jpeg
Very nice house for sale. 5 large rooms...,Hammam El Ghezaz,Published 1 day ago,"seize the opportunity with this house for sale. price 150,000 tnd. 5 living areas, 2 bathrooms, area 220 m². 3 rooms. good condition. gardeners, large terrace.come and check out this house for sale .",3 bedrooms,220 m²,"150,000 TND",https://www.mubawab-media.com/ad/7/913/074F/m/438773484_448686637638300_7456322261696340799_n_75083248.jpg
Beautiful house for sale in Chotrana 2. 3...,Chotrana 2 in La Soukra,Published 1 day ago,"find out about this house for sale. price 972,000 tnd. 4 living areas, 4 private bathrooms, 211 m². 3 bedrooms. less than 1 year. private garden, no lift, balcony.this beautiful house is for sale in							...							Read more",3 bedrooms,211 m²,"972,000 TND",https://www.mubawab-media.com/ad/7/971/404F/m/AXIM%20A011_78577124.jpg
House for sale in Chotrana 1. 6 rooms. We...,Chotrana 1 in La Soukra,Published 1 day ago,"don't miss out on this house for sale. price 1,280,000 tnd. 5 rooms, 4 bathrooms, 372 m². 1 living areas. new. double glazing, robust door, air conditioning system.this house is for sale in chotrana 1.							...							Read more",5 bedrooms,372 m²,"1,280,000 TND",https://www.mubawab-media.com/ad/7/855/404F/m/thumb_873079_property_xlarge_78538125.webp
Find your house to buy. 4 large rooms. Ge...,Hammam Sousse Gharbi,Published today,"come and visit this beautiful house for sale. 4 living areas, 5 bathrooms, 370 m². 3 rooms. less than 1 year. floor type: marble.this beautiful house is for sale . equipped with a satellite dish and a						...							Read more",3 bedrooms,370 m²,Price on request,https://www.mubawab-media.com/ad/7/872/513F/m/9_68993678.jpg
Very nice house for sale in Hammam Sousse...,Hammam Sousse,Published today,"amazing deal on this house for sale. price 320,000 tnd. 4 living areas, 2 bathrooms, 248 m². 3 rooms. less than 10 years. covering: tiled. equipped with a satellite dish and a reinforced door.this beautiful						...							Read more",3 bedrooms,248 m²,"320,000 TND",https://www.mubawab-media.com/ad/7/974/303F/m/SALON%201_78604233.jpg
Find your house to buy in Bizerte. 2 beau...,Bizerte in Bizerte Nord,Published today,"find out about this house for sale. 3 living areas, 1 bathroom, area 63 m². 2 rooms. good condition.this beautiful house is for sale in bizerte, bizerte nord. terrace. general satellite dish.",2 bedrooms,63 m²,Price on request,https://www.mubawab-media.com/ad/7/940/556F/m/thumb_848594_property_big_77471659.jpg
Very nice house for sale in Bhar Lazreg...,Bhar Lazreg in La Marsa,Published today,"unique opportunity on this house for sale. price 720,000 tnd. 9 rooms, 3 bathrooms, area 178 m². 10 rooms. less than 5 years. floor type: wooden. large balcony.this house is for sale in bhar lazreg, la						...							Read more",9 bedrooms,178 m²,"720,000 TND",https://www.mubawab-media.com/ad/7/873/548F/m/gallery_78322874.jpeg
Home to buy in La Marsa. Area 610 m²,La Marsa,Published 1 day ago,"seize the opportunity with this house for sale. price 2,600,000 tnd. 3 rooms, 2 bathrooms, area 610 m². 4 rooms. less than 20 years. due for reform.this house is for sale in la marsa, la marsa.",3 bedrooms,610 m²,"2,600,000 TND",https://www.mubawab-media.com/ad/7/978/520F/m/Villa%20%C3%A0%20d%C3%A8molir%20La%20Marsavv_78645818.jpg
Beautiful house for sale in Hammamet. Are...,Hammamet Sud in Hammamet,Published 2 day ago,"seize the opportunity with this house for sale. price 330,000 tnd. 12 living areas, 3 private bathrooms, 315 m². 6 rooms. good condition. terrace.this house is for sale in hammamet sud, hammamet.",6 bedrooms,315 m²,"330,000 TND",https://www.mubawab-media.com/ad/7/779/891F/m/thumb_664099_property_xlarge_56417957.jpeg
Beautiful house for sale in Les Berges Du...,Les Berges Du Lac 2 in La Marsa,Published 2 day ago,"come and visit this beautiful house for sale. 6 living areas, 1 bathroom, area 630 m². 6 bedrooms. new.this beautiful house is for sale in les berges du lac 2, la marsa. has a terrace and a garage. large						...							Read more",6 bedrooms,630 m²,Price on request,https://www.mubawab-media.com/ad/7/976/316F/m/thumb_880551_property_large_78624552.jpeg
Beautiful house for sale in Chotrana 2. 1...,Chotrana 2 in La Soukra,Published 2 day ago,"don't miss out on this house for sale. price 1,650,000 tnd. 1 bathroom, 750 m². 1 living areas. 1 room. new. air conditioned.come and check out this house for sale in chotrana 2, la soukra. large swimming						...							Read more",1 bedroom,750 m²,"1,650,000 TND",https://www.mubawab-media.com/ad/7/964/743F/m/thumb_867300_property_large_78509742.jpeg
House for sale in La Marsa. Total area 1...,La Marsa,Published 2 day ago,"seize the opportunity with this house for sale. area of property : 1 m². 1 rooms. 1 bedroom. 1 private bathroom. new.this beautiful house is for sale in la marsa, la marsa. has a terrace and a garage. fully						...							Read more",1 bedroom,Area not found,Price on request,https://www.mubawab-media.com/ad/7/970/741F/m/thumb_874379_property_large_78569956.jpeg
House to buy in La Soukra. Surface area 1...,La Soukra,Published 3 day ago,"don't miss out on this house for sale. price 1,550,000 tnd. 6 rooms, 4 bathrooms, 1141 m². 7 rooms. less than 20 years. covering: marble. absolute comfort with swimming pool and air conditioning.this						...							Read more",6 bedrooms,1141 m²,"1,550,000 TND",https://www.mubawab-media.com/ad/7/792/030F/m/422661882_1012300187566222_9021332011908328325_n_77082712.jpg
Very nice house for sale in Houmt Souk. 4...,Houmt Souk,Published 3 day ago,"seize the opportunity with this house for sale. price 425,000 tnd. 4 living areas, 2 bathrooms, area 375 m². 3 rooms. good condition. the exterior consists of a garden and a terrace. a garage is also at your						...							Read more",3 bedrooms,375 m²,"425,000 TND",https://www.mubawab-media.com/ad/7/977/567F/m/WhatsApp%20Image%202024-08-08%20%C3%A0%2012.13.08_207213b9_78636757.jpg
House for sale in Mutuelle Ville. 3 rooms...,Mutuelle Ville in El Menzah,Published 3 day ago,"unique opportunity on this house for sale. price 1,450,000 tnd. 3 rooms, 2 bathrooms, 440 m². 4 rooms. less than 20 years. floor type: tiled. ample storage space.this beautiful house is for sale in mutuelle						...							Read more",3 bedrooms,440 m²,"1,450,000 TND",https://www.mubawab-media.com/ad/7/977/848F/m/20240820_152454_78668867.jpg
Beautiful house for sale in Sidi Hassine...,Sidi Hassine,Published 5 day ago,"very nice property for sale. price 160,000 tnd. 3 living areas, 1 bathroom, 100 m². 2 rooms. good condition. large balcony.this house is for sale in sidi hassine, sidi hassine.",2 bedrooms,100 m²,"160,000 TND",https://www.mubawab-media.com/ad/7/976/827F/m/3_78629408.jpg
Very nice house for sale in Bellevue. 4 r...,Lakanya in El Ouardia,Published 1 week ago,"find out about this house for sale. price 575,000 tnd. 4 living areas, 1 bathroom, area 575 m². 4 bedrooms. new. cellar.this house is for sale in lakanya, el ouardia.",4 bedrooms,575 m²,"575,000 TND",https://www.mubawab-media.com/ad/7/937/856F/m/thumb_844744_property_large_77144866.jpeg
Find your house to buy in Bellevue. 4 lar...,Bellevue in El Ouardia,Published 1 week ago,"very nice property for sale. price 380,000 tnd. 4 rooms, 1 bathroom, area 420 m². 4 rooms. less than 50 years. floor type: tiled.this house is for sale in bellevue, el ouardia.",4 bedrooms,420 m²,"380,000 TND",https://www.mubawab-media.com/ad/7/822/402F/m/thumb_715537_property_xlarge_78383046.jpeg
House for sale. 2 rooms. Terrace,in Kélibia,Published today,"find out about this house for sale. price 135,000 tnd. 3 living areas, 1 bathroom, area 240 m². 2 bedrooms. good condition. terrace.this beautiful house is for sale .",2 bedrooms,240 m²,"135,000 TND",https://www.mubawab-media.com/ad/7/919/970F/m/WhatsApp%20Image%202023-06-24%20%C3%A0%2012.07.54_75585144.jpg
Beautiful house for sale. Total area 120...,in Kélibia,Published today,"unique opportunity on this house for sale. price 250,000 tnd. 6 living areas, 2 private bathrooms, 120 m². 6 bedrooms. good condition. terrace.this beautiful house is for sale .",6 bedrooms,120 m²,"250,000 TND",https://www.mubawab-media.com/ad/7/820/535F/m/WhatsApp%20Image%202023-11-24%20%C3%A0%2014.55.35_8dc609f6_61437661.jpg
House for sale in Montfleury. 4 beautiful...,Montfleury in Tunis,Published today,"find out about this house for sale. price 420,000 tnd. 4 bedrooms, 1 bathroom, 200 m². 6 rooms. good condition. large terrace.this beautiful house is for sale in montfleury, tunis.",4 bedrooms,200 m²,"420,000 TND",https://www.mubawab-media.com/ad/7/983/445F/m/fp0FrixgrvJkqvcW-thumb_78691451.jpg
Find your house to buy. 5 lovely rooms. S...,in Bekalta,Published today,"come and visit this beautiful house for sale. price 315,000 tnd. 5 rooms, 3 bathrooms, 208 m². 5 rooms. less than 20 years. covering: tiled. general satellite dish.come and check out this house for sale						...							Read more",5 bedrooms,208 m²,"315,000 TND",https://www.mubawab-media.com/ad/7/983/379F/m/detail_78690771.jpeg
Find your house to buy in Midoune. 3 room...,Midoune in Midoun,Published today,"find out about this house for sale. price 280,000 tnd. 3 living areas, 2 private bathrooms, 350 m². 2 bedrooms. new. enjoy a beautiful garden and a terrace. also has a garage.this beautiful house is						...							Read more",2 bedrooms,350 m²,"280,000 TND",https://www.mubawab-media.com/ad/7/977/574F/m/WhatsApp%20Image%202024-08-02%20%C3%A0%2009.16.46_17d64cbc_78636791.jpg
House for sale. 2 lovely rooms. Large bal...,in Kélibia,Published 1 day ago,"get a great deal with this house for sale. price 170,000 tnd. 2 rooms, 2 bathrooms, area 168 m². 3 rooms. good condition. terrace.this house is for sale .",2 bedrooms,168 m²,"170,000 TND",https://www.mubawab-media.com/ad/7/813/308F/m/448927778_122156905556163876_158700483806634819_n_77547017.jpg
Find your house to buy in Borj Louzir. Ar...,Borj Louzir in La Soukra,Published 1 day ago,"come and visit this beautiful house for sale. price 980,000 tnd. 7 rooms, area of ​​400 m². 7 rooms. private garage.come and check out this house for sale in borj louzir, la soukra. central heating.",7 bedrooms,400 m²,"980,000 TND",https://www.mubawab-media.com/ad/7/983/006F/m/thumb_886678_property_xlarge_78687056.jpeg
House to buy in La Soukra. 4 rooms. Resid...,in La Soukra,Published 1 day ago,"very nice property for sale. price 2,000,000 tnd. 4 bedrooms, 2 bathrooms, 958 m². 1 living areas. good condition. comfort and security with central heating, reinforced door and double glazing.this house						...							Read more",4 bedrooms,958 m²,"2,000,000 TND",https://www.mubawab-media.com/ad/7/903/445F/m/thumb_806381_property_xlarge_77848458.jpeg
Find your house to buy in La Soukra. Smal...,in La Soukra,Published 1 day ago,"get a great deal with this house for sale. price 1,050,000 tnd. 11 living areas, 5 bathrooms, area 800 m². 6 bedrooms. good condition. the exterior consists of a garden and a terrace. a garage is also at						...							Read more",6 bedrooms,800 m²,"1,050,000 TND",https://www.mubawab-media.com/ad/7/876/250F/m/thumb_778786_property_xlarge_77848598.jpeg
House for sale in La Soukra. Area of 227...,in La Soukra,Published 1 day ago,"don't miss out on this house for sale. price 1,050,000 tnd. 5 living areas, 2 bathrooms, area 227 m². 4 bedrooms. new. green areas, with lift, parking spaces, large balcony.this house is for sale in la						...							Read more",4 bedrooms,227 m²,"1,050,000 TND",https://www.mubawab-media.com/ad/7/847/799F/m/thumb_854762_property_xlarge_77898592.webp
Very nice house for sale in La Soukra. 4...,La Soukra,Published 1 day ago,"don't miss out on this house for sale. price 985,000 tnd. 5 living areas, 3 bathrooms, area 295 m². 4 rooms. new. comfort and security with caretaker service, swimming pool and air conditioning.come and							...							Read more",4 bedrooms,295 m²,"985,000 TND",https://www.mubawab-media.com/ad/7/888/888F/m/thumb_793696_property_xlarge_77848374.jpeg
House for sale in La Soukra. 6 beautiful...,La Soukra,Published 1 day ago,"find out about this house for sale. 8 living areas, 2 bathrooms, area 520 m². 6 rooms. good condition.come and check out this house for sale in la soukra, la soukra. property with swimming pool. parking							...							Read more",6 bedrooms,520 m²,Price on request,https://www.mubawab-media.com/ad/7/265/323F/m/12fdea7ce2ed97b61e7f64e47dbf52cefafb7a01_12941189.jpeg
Beautiful house for sale. 3 lovely rooms...,Hergla,Published 1 day ago,"come and visit this beautiful house for sale. price 495,000 tnd. 3 rooms, 2 bathrooms, area 360 m². 4 rooms. good condition. the exterior consists of a garden and a terrace. a garage is also at your							...							Read more",3 bedrooms,360 m²,"495,000 TND",https://www.mubawab-media.com/ad/7/889/173F/m/WhatsApp%20Image%202024-03-18%20at%2013.40.47_71612762.jpg
House for sale in Cité El Wafa. Dimension...,Cité El Wafa in Nabeul,Published 1 day ago,"unique opportunity on this house for sale. price 620,000 tnd. 2 rooms, 1 bathroom, 269 m². 2 rooms. less than 1 year. covering: marble. fully equipped kitchen.this beautiful house is for sale in cité							...							Read more",2 bedrooms,269 m²,"620,000 TND",https://www.mubawab-media.com/ad/7/916/937F/m/thumb_861500_property_xlarge_78357658.jpeg
House to buy in Djerba. Total area 125 m²...,Djerba,Published 1 day ago,"amazing deal on this house for sale. price 600,000 tnd. 3 rooms, 2 bathrooms, area 125 m². 3 rooms. good condition. equipped with a satellite dish and a reinforced door. the residence is secured.come and							...							Read more",3 bedrooms,125 m²,"600,000 TND",https://www.mubawab-media.com/ad/7/761/627F/m/thumb_650427_property_big_54486921.jpeg
House for sale in Djerba. Small area 175...,Djerba,Published 1 day ago,"amazing deal on this house for sale. price 780,000 tnd. 3 living areas, 3 bathrooms, area 175 m². 3 rooms. new. equipped with a satellite dish and a reinforced door. the residence is secured.this							...							Read more",3 bedrooms,175 m²,"780,000 TND",https://www.mubawab-media.com/ad/7/953/014F/m/1_9%20-%20Photo_78294466.jpg
House for sale in Djerba. 3 rooms. Garage...,Djerba,Published 1 day ago,"very nice property for sale. price 1,250,000 tnd. 2 rooms, 1 bathroom, area 767 m². 2 rooms. due for reform. the exterior consists of a garden and a terrace. a garage is also at your disposal.this							...							Read more",2 bedrooms,767 m²,"1,250,000 TND",https://www.mubawab-media.com/ad/7/667/871F/m/thumb_428990_property_xlarge_78405167.jpeg
House to buy in Sidi Bousaid. 4 lovely ro...,Sidi Bousaid in Carthage,Published 1 day ago,"very nice property for sale. 4 bedrooms, 1 bathroom, 330 m². 4 rooms. due for reform.this beautiful house is for sale in sidi bousaid. green areas, balcony. exceptional mountain view.be the first to							...							Read more",4 bedrooms,330 m²,Price on request,https://www.mubawab-media.com/ad/7/965/996F/m/3D56C655-86A7-4751-A6CD-607AC3B7DF61_78521814.jpeg
House for sale in Lakanya. 4 beautiful ro...,Lakanya in El Ouardia,Published 1 week ago,"amazing deal on this house for sale. price 630,000 tnd. 4 rooms, 1 bathroom, area 565 m². 3 rooms. new. parking spaces.this beautiful house is for sale in lakanya, el ouardia.",4 bedrooms,565 m²,"630,000 TND",https://www.mubawab-media.com/ad/7/936/310F/m/thumb_843089_property_xlarge_78382917.jpeg
Home to buy in Bir El Kassaa. 4 rooms,Bir El Kassaa in El Mourouj,Published 1 week ago,"seize the opportunity with this house for sale. price 245,000 tnd. 4 living areas, 1 bathroom, 115 m². 4 rooms. new.this beautiful house is for sale in bir el kassaa, el mourouj.",4 bedrooms,115 m²,"245,000 TND",https://www.mubawab-media.com/ad/7/975/006F/m/thumb_879363_property_large_78611268.jpeg
House for sale in Le Kram. Dimension 303...,Le Kram,Published 1 week ago,"don't miss out on this house for sale. 4 living areas, 1 bathroom, area 303 m². 3 rooms. less than 30 years.this house is for sale in le kram, le kram. you will have a terrace and a garden.",3 bedrooms,303 m²,Price on request,https://www.mubawab-media.com/ad/7/935/977F/m/WhatsApp%20Image%202024-06-06%20at%2014.43.47%20%283%29_76878844.jpeg
Beautiful house for sale in Tunis Belvede...,Tunis Belvedere in El Menzah,Published 1 week ago,"get a great deal with this house for sale. 7 bedrooms, 4 bathrooms, 880 m². 8 rooms. less than 30 years. due for reform. floor type: tiled.this beautiful house is for sale in tunis belvedere. the exterior						...							Read more",7 bedrooms,880 m²,Price on request,https://www.mubawab-media.com/ad/7/954/373F/m/IMG-20240711-WA0070_78368797.jpg
Find your house to buy in Houmt Souk. Tot...,Houmt Souk,Published 1 week ago,"don't miss out on this house for sale. price 420,000 tnd. 3 living areas, 2 private bathrooms, 369 m². 2 bedrooms. good condition. dressing room.this house is for sale in houmt souk. residence perfectly						...							Read more",2 bedrooms,369 m²,"420,000 TND",https://www.mubawab-media.com/ad/7/837/788F/m/20231209_100421-1_63937451.jpg
Home to buy in Hammamet. 1 room. Green ar...,Hammamet,Published 1 week ago,"get a great deal with this house for sale. price 295,000 tnd. 2 living areas, 1 bathroom, 260 m². 1 room. good condition. enjoy a beautiful garden and a terrace. also has a garage.this house is for sale in						...							Read more",1 bedroom,260 m²,"295,000 TND",https://www.mubawab-media.com/ad/7/775/279F/m/3_55805140.jpg
Home to buy in Gammarth. 6 large living a...,Gammarth in La Marsa,Published 1 week ago,"amazing deal on this house for sale. price 820,000 tnd. 6 living areas, 5 bedrooms, 3 bathrooms, floor area 280 m². less than 1 year. beautiful sea view, double glazing, secured door, central air						...							Read more",3 bedrooms,350 m²,"802,500 TND",https://www.mubawab-media.com/ad/6/521/016F/m/no-name-x-009991-1.jpg
House for sale in La Soukra. 4 rooms. Car...,La Soukra,Published 1 week ago,"come and visit this beautiful house for sale. price 970,000 tnd. 4 living areas, 3 bathrooms, area 400 m². 4 rooms. good condition. residence perfectly equipped and a carpark. you will also have a garden and a						...							Read more",4 bedrooms,400 m²,"970,000 TND",https://www.mubawab-media.com/ad/7/914/043F/m/thumb_817142_property_xlarge_75192471.jpeg
Find your house to buy in Hammamet Nord...,Hammamet Nord in Hammamet,Published 1 week ago,"don't miss out on this house for sale. price 530,000 tnd. 6 living areas, 3 bathrooms, area 300 m². 5 rooms. less than 10 years. covering: marble. residence with swimming pool, integrated air						...							Read more",5 bedrooms,300 m²,"530,000 TND",https://www.mubawab-media.com/ad/7/976/082F/m/b16147bf-9c33-43d4-8296-dea844843d97_78621980.jpg
House to buy. 5 rooms. Cellar,Chotrana 1 in La Soukra,Published 1 day ago,"come and visit this beautiful house for sale. price 800,000 tnd. 4 rooms, 2 bathrooms, 190 m². 1 living areas. new. green areas, with lift, parking spaces, large balcony.this beautiful house is for sale						...							Read more",4 bedrooms,190 m²,"800,000 TND",https://www.mubawab-media.com/ad/7/872/801F/m/thumb_783234_property_xlarge_77848423.jpeg
Very nice house for sale in Sidi Bousaid...,Sidi Bousaid in Carthage,Published 1 day ago,"find out about this house for sale. price 760,000 tnd. 7 living areas, 3 private bathrooms, 124 m². 5 bedrooms. good condition. large terrace.this house is for sale in sidi bousaid, carthage. view facing						...							Read more",5 bedrooms,124 m²,Price on request,https://www.mubawab-media.com/ad/7/982/929F/m/68cd012f-a79a-40e3-bc4f-3298ecd22341_GF_78686263.jpg
Home to buy. 5 large living areas,in Hergla,Published 1 day ago,"find out about this house for sale. 5 living areas, 1 bathroom, 150 m². 5 bedrooms. new.this house is for sale .",5 bedrooms,150 m²,Price on request,https://www.mubawab-media.com/ad/7/979/470F/m/thumb_883413_property_large_78654937.jpeg
Home to buy in Hammamet. 3 rooms. Gardene...,in Hammamet,Published 1 day ago,"come and visit this beautiful house for sale. 4 living areas, 1 bathroom, area 520 m². 3 bedrooms. good condition.come and check out this house for sale in hammamet. working fireplace, residence with						...							Read more",3 bedrooms,520 m²,Price on request,https://www.mubawab-media.com/ad/7/977/843F/m/b7aac4be-4858-42d5-8a72-fe911a3d38d4_78639332.jpg
House for sale in Hammamet. Area of 1 m²...,in Hammamet,Published 1 day ago,"come and visit this beautiful house for sale. price 295,000 tnd. 4 living areas, 1 bathrooms. area 1 m². 1 bedroom. good condition. basement.this beautiful house is for sale in hammamet, hammamet.						...							Read more",1 bedroom,Area not found,"295,000 TND",https://www.mubawab-media.com/ad/7/954/054F/m/1_78354679.jpg
House for sale in Beni Khiar. Total area...,in Beni Khiar,Published 1 day ago,"seize the opportunity with this house for sale. price 1,100,000 tnd. 5 rooms, 1 bathroom, area 830 m². 5 rooms. new. absolute comfort with swimming pool and air conditioning.this beautiful house is for						...							Read more",5 bedrooms,830 m²,"1,100,000 TND",https://www.mubawab-media.com/ad/7/982/850F/m/thumb_886401_property_large_78685517.jpeg
Home to buy in Cité El Wafa. Surface area...,Cité El Wafa in Nabeul,Published 1 day ago,"find out about this house for sale. 1 bathroom, area of ​​75 m². 1 rooms. 1 bedroom. new.this house is for sale in cité el wafa, nabeul. comfortable and well equipped with swimming pool and air						...							Read more",1 bedroom,75 m²,Price on request,https://www.mubawab-media.com/ad/7/982/842F/m/thumb_886810_property_large_78685490.jpeg
House for sale. 3 lovely rooms. Parking s...,in Hergla,Published 1 day ago,"very nice property for sale. price 390,000 tnd. 3 rooms, 2 bathrooms, 280 m². 4 rooms. good condition. cellar, large terrace.this beautiful house is for sale .",3 bedrooms,280 m²,"390,000 TND",https://www.mubawab-media.com/ad/7/940/954F/m/gallery%20%281%29_77411206.jpeg
Home to buy in El Manar 1. 4 rooms. Parki...,El Manar 1 in El Menzah,Published 1 day ago,"don't miss out on this house for sale. price 1,400,000 tnd. 4 rooms, 2 bathrooms, area 690 m². 6 rooms. good condition. enjoy a beautiful garden and a terrace. also has a garage.come and check out this						...							Read more",4 bedrooms,690 m²,"1,400,000 TND",https://www.mubawab-media.com/ad/7/982/807F/m/gHdmhcP0RpdJyAgj-thumb_78685181.jpg
Beautiful house for sale in El Menzah 5...,El Menzah 5 in Ariana Ville,Published 1 day ago,"don't miss out on this house for sale. 6 living areas, 5 bathrooms, area 869 m². 5 rooms. new.this beautiful house is for sale in el menzah 5. usable fireplace, residence with swimming pool, integrated						...							Read more",5 bedrooms,869 m²,Price on request,https://www.mubawab-media.com/ad/7/940/876F/m/OZBTxa51aTAlftId_77407741.jpg
Very nice house for sale. 4 large living...,in Kélibia,Published 1 day ago,"amazing deal on this house for sale. price 400,000 tnd. 3 rooms, 1 bathroom, 269 m². 4 rooms. new. private garden, cellar.this beautiful house is for sale . property with swimming pool.",3 bedrooms,269 m²,"400,000 TND",https://www.mubawab-media.com/ad/7/900/784F/m/439079523_845923454238602_987925232667178385_n_73640978.jpg
Very nice house for sale in Hammamet. 4 c...,in Hammamet,Published 1 day ago,"find out about this house for sale. price 450,000 tnd. 4 living areas, 1 bathroom, area 120 m². 4 rooms. new. cellar, large terrace.this house is for sale in hammamet, hammamet. residence with swimming						...							Read more",4 bedrooms,120 m²,"450,000 TND",https://www.mubawab-media.com/ad/7/938/310F/m/thumb_845304_property_large_77180595.jpeg
House for sale in Hammamet. Area 130 m²...,in Hammamet,Published 1 day ago,"find out about this house for sale. price 385,000 tnd. 3 rooms, 1 bathroom, area 130 m². 3 rooms. new. terrace.come and check out this house for sale in hammamet, hammamet. fitted kitchen. air						...							Read more",3 bedrooms,130 m²,"385,000 TND",https://www.mubawab-media.com/ad/7/915/044F/m/thumb_818793_property_large_75264190.jpeg
House for sale in Cité Ennasr. 7 lovely r...,Cité Ennasr in Mohamadia,Published 1 day ago,"very nice property for sale. price 229,950 tnd. 7 living areas, 2 bathrooms, area 480 m². 5 bedrooms. less than 30 years. due for reform. the exterior consists of a garden and a terrace.come and check						...							Read more",5 bedrooms,480 m²,"229,950 TND",https://www.mubawab-media.com/ad/7/764/509F/m/received_1408843623292844_54563018.jpg
Very nice house for sale in Raoued. Area...,in Raoued,Published 1 day ago,"come and visit this beautiful house for sale. price 360,000 tnd. 5 living areas, 3 private bathrooms, 620 m². 4 bedrooms. less than 1 year.this beautiful house is for sale in raoued, raoued.",4 bedrooms,620 m²,"360,000 TND",https://www.mubawab-media.com/ad/7/928/423F/m/IMG-20240603-WA0067_76286712.jpg
Beautiful house for sale in Chotrana 1. 3...,Chotrana 1 in La Soukra,Published 1 day ago,"come and visit this beautiful house for sale. price 1,280,000 tnd. 3 bedrooms, 1 bathroom, 365 m². 3 rooms. new. property with swimming pool.this beautiful house is for sale in chotrana 1, la soukra.",3 bedrooms,365 m²,"1,280,000 TND",https://www.mubawab-media.com/ad/7/962/394F/m/thumb_867979_property_large_78487545.jpeg
House for sale in Cité Mohamed Ali. Area...,Cité Mohamed Ali in Carthage,Published 1 day ago,"don't miss out on this house for sale. price 595,000 tnd. 3 rooms, 2 bathrooms, area 300 m². 4 rooms. less than 5 years. air conditioning.come and check out this house for sale in cité mohamed ali.							...							Read more",3 bedrooms,300 m²,"595,000 TND",https://www.mubawab-media.com/ad/7/959/781F/m/a85c61a3-7e4d-4c00-a2fd-01762fd1f985_78462800.JPG
Beautiful house for sale in Cité des Juge...,Cité des Juges in La Marsa,Published 1 day ago,"come and visit this beautiful house for sale. price 850,000 tnd. 5 bedrooms, 3 bathrooms, 401 m². 6 rooms. less than 20 years. floor type: tiled. perfectly equipped with reinforced door, central heating							...							Read more",5 bedrooms,401 m²,"850,000 TND",https://www.mubawab-media.com/ad/7/857/676F/m/417186224_359400096888002_5038298803767146612_n_66926483.JPG
House to buy. 4 large rooms. Central heat...,Hergla,Published 2 day ago,"find out about this house for sale. 4 bedrooms, 1 bathroom, 220 m². 4 rooms. new.this house is for sale . terrace. integrated air conditioning.",4 bedrooms,220 m²,Price on request,https://www.mubawab-media.com/ad/7/948/302F/m/thumb_855787_property_large_77957789.jpeg
House to buy in Cité des Juges. 5 large l...,Cité des Juges in La Marsa,Published 2 day ago,"find out about this house for sale. price 1,400,000 tnd. 4 bedrooms, 3 bathrooms, 341 m². 5 rooms. new. enjoy absolute peace and quiet with double glazed windows. reinforced door and central							...							Read more",4 bedrooms,341 m²,"1,400,000 TND",https://www.mubawab-media.com/ad/7/970/924F/m/photo_0_78619878.jpeg
House for sale in Les Jardins de Carthage...,Les Jardins de Carthage in Le Kram,Published 2 day ago,"seize the opportunity with this house for sale. 4 rooms, 440 m². large terrace.this house is for sale in les jardins de carthage, le kram.",4 bedrooms,440 m²,Price on request,https://www.mubawab-media.com/ad/7/904/770F/m/thumb_806494_property_xlarge_78386691.jpeg
House for sale in La Soukra. Area of 275...,La Soukra,Published 3 day ago,"unique opportunity on this house for sale. price 1,140,000 tnd. 4 rooms, area 275 m². has a terrace and a garage.this beautiful house is for sale in la soukra, la soukra. closed residence. residence							...							Read more",4 bedrooms,275 m²,"1,140,000 TND",https://www.mubawab-media.com/ad/7/881/622F/m/thumb_784902_property_xlarge_70318486.jpeg
Very nice house for sale in La Soukra. 5...,La Soukra,Published 4 day ago,"come and visit this beautiful house for sale. price 1,250,000 tnd. 5 living areas, 4 private bathrooms, 236 m². 5 rooms. new. you will enjoy a beautiful terrace and a carpark.this house is for sale in la							...							Read more",5 bedrooms,236 m²,"1,250,000 TND",https://www.mubawab-media.com/ad/7/889/741F/m/thumb_794203_property_xlarge_78343703.jpeg
House for sale in Gammarth Supérieur. Are...,Gammarth in La Marsa,Published 4 day ago,"unique opportunity on this house for sale. price 2,300,000 tnd. 6 living areas, 3 bathrooms, area 630 m². 4 bedrooms. due for reform. residence with swimming pool, integrated air conditioning.come and							...							Read more",4 bedrooms,630 m²,"2,300,000 TND",https://www.mubawab-media.com/ad/7/859/786F/m/thumb_756535_property_xlarge_78344320.jpeg
Very nice house for sale in Chotrana 3. 6...,Chotrana 3 in La Soukra,Published 1 day ago,"very nice property for sale. price 970,000 tnd. 6 rooms, 1 bathroom, area 408 m². 6 rooms. less than 10 years. residence with swimming pool.come and check out this house for sale in chotrana 3, la						...							Read more",6 bedrooms,408 m²,"970,000 TND",https://www.mubawab-media.com/ad/7/959/309F/m/thumb_866313_property_large_78464454.jpeg
House for sale in Bhar Lazreg. Small area...,Bhar Lazreg in La Marsa,Published 1 day ago,"amazing deal on this house for sale. price 380,000 tnd. 4 rooms, 1 bathroom, area 141 m². 4 rooms. less than 10 years. covering: marble. equipped with a satellite dish and a reinforced door. the residence						...							Read more",4 bedrooms,141 m²,"380,000 TND",https://www.mubawab-media.com/ad/7/959/047F/m/thumb_866241_property_xlarge_78482556.jpeg
Find your house to buy. 2 large rooms,in Ouerdanine,Published 1 day ago,"don't miss out on this house for sale. price 100,000 tnd. 2 living areas, 3 bathrooms, area 1400 m². 3 bedrooms. due for reform.this beautiful house is for sale .",3 bedrooms,1400 m²,"90,000 TND",https://www.mubawab-media.com/ad/7/651/699F/m/WhatsApp%20Image%202023-05-02%20at%2009.33.04_46121927.jpeg
Beautiful house for sale in Bouhssina. Ar...,Bouhssina in Sousse Ville,Published 1 day ago,"don't miss out on this house for sale. price 900,000 tnd. 3 rooms, 1 bathroom, 750 m². 4 rooms. less than 20 years. you will have a terrace and a garden.this beautiful house is for sale in bouhssina.						...							Read more",3 bedrooms,750 m²,"900,000 TND",https://www.mubawab-media.com/ad/7/871/050F/m/20240225_114220_68774330.jpg
House for sale in Gammarth. 4 beautiful r...,Gammarth in La Marsa,Published 1 day ago,"get a great deal with this house for sale. price 1,600,000 tnd. 5 living areas, 4 bathrooms, area 305 m². 4 bedrooms. less than 1 year. enjoy absolute peace and quiet with double glazed windows. reinforced						...							Read more",4 bedrooms,305 m²,"1,600,000 TND",https://www.mubawab-media.com/ad/7/944/638F/m/maison-f4-en-dur-120-m-a-quartier-3-completement-avenue-26-wJr-187185_77676444.jpg
Find your house to buy in Ariana. 4 beaut...,Ariana in Ariana Ville,Published 1 day ago,"very nice property for sale. price 750,000 tnd. 4 bedrooms, 3 bathrooms, 482 m². 5 rooms. less than 10 years. floor type: wooden. quiet surroundings with mountain view, secured door, centralised air						...							Read more",4 bedrooms,482 m²,"750,000 TND",https://www.mubawab-media.com/ad/7/976/790F/m/c8b9fbc8-4004-45b6-8925-72ceba9d24ef_78629215.jpg
Find your house to buy. 3 lovely rooms. G...,in Tezdaine,Published 2 day ago,"very nice property for sale. price 450,000 tnd. 3 rooms, 2 bathrooms, area 800 m². 4 rooms. new. green area, balcony.come and check out this house for sale . property with swimming pool.",3 bedrooms,800 m²,"450,000 TND",https://www.mubawab-media.com/ad/7/922/962F/m/WhatsApp-Image-2024-04-27-a-19.39.00_bf1e595e-1170x648_75875106.jpg
House to buy in Cité El Hana. 5 rooms. Pr...,Cité El Hana in La Marsa,Published 2 day ago,"unique opportunity on this house for sale. 6 living areas, 4 bathrooms, area 800 m². 5 bedrooms. less than 20 years. covering: marble.this house is for sale in cité el hana, la marsa. equipped kitchen.						...							Read more",5 bedrooms,800 m²,Price on request,https://www.mubawab-media.com/ad/7/967/664F/m/IMG_0106_78539147.JPG
Home to buy in Hammamet Sud. Surface area...,Hammamet Sud in Hammamet,Published 2 day ago,"very nice property for sale. price 150,000 tnd. 3 living areas, 1 bathroom, area 1600 m². 3 bedrooms. good condition. green area, parking spaces for cars.this house is for sale in hammamet sud,						...							Read more",3 bedrooms,1600 m²,"150,000 TND",https://www.mubawab-media.com/ad/7/966/357F/m/IMG-20240620-WA0056_78525697.jpg
Find your house to buy in Hammamet Sud. 3...,Hammamet Sud in Hammamet,Published 2 day ago,"find out about this house for sale. price 350,000 tnd. 3 rooms, 2 bathrooms, area 740 m². 4 rooms. new. enjoy a beautiful garden. also has a garage.this house is for sale in hammamet sud. fully						...							Read more",3 bedrooms,740 m²,"350,000 TND",https://www.mubawab-media.com/ad/7/968/526F/m/IMG-20240730-WA0030_78548568.jpg
House for sale in Hammamet Sud. 5 rooms...,Hammamet Sud in Hammamet,Published 2 day ago,"unique opportunity on this house for sale. price 185,000 tnd. 5 rooms, 2 bathrooms, area 120 m². 4 rooms. good condition. balcony.this house is for sale in hammamet sud, hammamet.",5 bedrooms,120 m²,"185,000 TND",https://www.mubawab-media.com/ad/7/971/548F/m/IMG_20240803_123103_829_78578640.jpg
Beautiful house for sale in Hammamet Sud...,Hammamet Sud in Hammamet,Published 2 day ago,"very nice property for sale. price 135,000 tnd. 3 rooms, 2 bathrooms, area 220 m². 2 rooms. good condition. green area.this house is for sale in hammamet sud, hammamet.",3 bedrooms,220 m²,"135,000 TND",https://www.mubawab-media.com/ad/7/972/281F/m/IMG_20240803_114218_796_78595824.jpg
House for sale in Hammamet Sud. 6 beautif...,Hammamet Sud in Hammamet,Published 2 day ago,"seize the opportunity with this house for sale. price 170,000 tnd. 8 living areas, 2 bathrooms, area 120 m². 6 rooms. good condition.come and check out this house for sale in hammamet sud, hammamet.",6 bedrooms,120 m²,"170,000 TND",https://www.mubawab-media.com/ad/7/973/647F/m/IMG_20240803_091450_559_78603409.jpg
House for sale in Hammamet Sud. 2 beautif...,Hammamet Sud in Hammamet,Published 2 day ago,"very nice property for sale. price 155,000 tnd. 2 rooms, 1 bathroom, area 1200 m². 3 rooms. new.come and check out this house for sale in hammamet sud, hammamet.",2 bedrooms,1200 m²,"155,000 TND",https://www.mubawab-media.com/ad/7/954/792F/m/373403319_279254471531375_6924511377864812969_n_78406341.jpg
House for sale in Raoued. 4 large rooms...,in Raoued,Published 2 day ago,"come and visit this beautiful house for sale. price 850,000 tnd. 4 living areas, 2 bathrooms, 225 m². 3 rooms. good condition. gardeners, large terrace.this house is for sale in raoued, raoued.",3 bedrooms,225 m²,"850,000 TND",https://www.mubawab-media.com/ad/7/981/699F/m/e186a7a2-1510-4c0d-b7fa-78280423c827_GF_78681440.jpg
Find your house to buy. Dimension 60 m²,in Zarzouna,Published 2 day ago,"unique opportunity on this house for sale. price 170,000 tnd. 6 living areas, 2 bathrooms, area 60 m². 4 rooms. new.come and check out this house for sale .",4 bedrooms,60 m²,"170,000 TND",https://www.mubawab-media.com/ad/7/811/049F/m/348387392_800612571265296_8365664154100638448_n_60545449.jpg
House for sale. 6 large living areas. Equ...,in Bizerte,Published 2 day ago,"unique opportunity on this house for sale. price 300,000 tnd. 6 living areas, 2 bathrooms, area 150 m². 4 rooms. new. fitted kitchen.this house is for sale .",4 bedrooms,150 m²,"300,000 TND",https://www.mubawab-media.com/ad/7/874/242F/m/253853892_4939105992768748_6239495626136359573_n_69227757.jpg
House for sale. Total area 137 m². Air-co...,in Bizerte,Published 2 day ago,"very nice property for sale. price 200,000 tnd. 4 rooms, 2 bathrooms, area 137 m². 6 rooms. good condition. integrated air conditioning.this beautiful house is for sale . fantastic terrace. well						...							Read more",4 bedrooms,137 m²,"200,000 TND",https://www.mubawab-media.com/ad/7/873/474F/m/269745423_5094327647246581_2379656188235616355_n_69126123.jpg
Home to buy. 4 comfortable rooms. Fitted...,in Bizerte,Published 2 day ago,"don't miss out on this house for sale. price 220,000 tnd. 4 living areas, 1 bathroom, area 200 m². 3 bedrooms. good condition. well equipped kitchen.this beautiful house is for sale . fantastic						...							Read more",3 bedrooms,200 m²,"220,000 TND",https://www.mubawab-media.com/ad/7/870/525F/m/1ccc8ba085bdf50c110198ca5c1c556fe531760f%20%281%29_68671440.jpeg
Home to buy. 4 lovely rooms. Fully equipp...,in Bizerte,Published 2 day ago,"very nice property for sale. price 300,000 tnd. 6 living areas, 2 private bathrooms, 130 m². 4 bedrooms. good condition. well equipped kitchen.come and check out this house for sale . large terrace.						...							Read more",4 bedrooms,130 m²,"300,000 TND",https://www.mubawab-media.com/ad/7/884/972F/m/302718328_2379583082193349_4747151619974941022_n_70912056.jpg
Very nice house for sale in Bizerte. 7 ro...,Bizerte in Bizerte Nord,Published 2 day ago,"seize the opportunity with this house for sale. price 490,000 tnd. 8 living areas, 3 bathrooms, area 200 m². 7 rooms. good condition. large terrace.this beautiful house is for sale in bizerte, bizerte						...							Read more",7 bedrooms,200 m²,"490,000 TND",https://www.mubawab-media.com/ad/7/577/855F/m/1_69503011.jpg
House to buy. Small area 100 m². Balcony...,in Bizerte,Published 2 day ago,"get a great deal with this house for sale. price 110,000 tnd. 3 rooms, 1 bathroom, 100 m². 5 rooms. new. satellite dish.this house is for sale . large balcony.",3 bedrooms,100 m²,"110,000 TND",https://www.mubawab-media.com/ad/7/869/260F/m/1_68497633.jpg
House for sale. Large area 202 m². Garden...,in Bizerte,Published 2 day ago,"amazing deal on this house for sale. price 380,000 tnd. 6 living areas, 2 bathrooms, area 202 m². 4 rooms. good condition. enjoy a beautiful garden. also has a garage.come and check out this house for						...							Read more",4 bedrooms,202 m²,"380,000 TND",https://www.mubawab-media.com/ad/7/813/925F/m/270720007_473235677757912_221945736846361013_n_60782448.jpg
House for sale. 2 lovely rooms. Green are...,in Bizerte,Published 2 day ago,"seize the opportunity with this house for sale. price 120,000 tnd. 3 living areas, 1 bathroom, 115 m². 2 bedrooms. good condition. green areas, parking spaces for cars.this beautiful house is for sale						...							Read more",2 bedrooms,115 m²,"120,000 TND",https://www.mubawab-media.com/ad/7/809/933F/m/395879792_297311209893830_772273822589230988_n_60411349.jpg
House for sale. 4 beautiful rooms,in Zarzouna,Published 2 day ago,"unique opportunity on this house for sale. price 85,000 tnd. 5 living areas, 2 bathrooms, 70 m². 4 bedrooms. good condition.this house is for sale .",4 bedrooms,70 m²,"85,000 TND",https://www.mubawab-media.com/ad/7/966/071F/m/60c31973-1e6b-4dad-a6c4-6c199f316d3e_78522570.jpg
